{
    "rms": 0.0646405553699086,
    "intrinsic_matrix": [
        [
            3584.7091276291494,
            0.0,
            808.8690317833737
        ],
        [
            0.0,
            3618.6108680843245,
            530.1886308017778
        ],
        [
            0.0,
            0.0,
            1.0
        ]
    ],
    "distortion_coefficients": [
        [
            -1.541404210357065,
            313.7806116251247,
            0.0052044176484519625,
            -0.03183532170942466,
            330.1826376425203
        ]
    ],
    "pixel_to_physical": 52.00136851381372
}